best_trial_id,best_value,param_name,param_value
61,0.6709446220397949,alpha,0.12420791621356278
61,0.6709446220397949,beta,0.8656254647545323
61,0.6709446220397949,max_depth,1
61,0.6709446220397949,use_gating_mlp,0
61,0.6709446220397949,hidden_dim_expert,32
61,0.6709446220397949,anneal_epochs,10
61,0.6709446220397949,schedule_type,linear
61,0.6709446220397949,learning_rate,0.003
61,0.6709446220397949,lradj,cosine
