best_trial_id,best_value,param_name,param_value
10,0.6786856708526612,alpha,1.1946349874751865
10,0.6786856708526612,beta,1.1904104779569527
10,0.6786856708526612,max_depth,3
10,0.6786856708526612,use_gating_mlp,1
10,0.6786856708526612,gating_mlp_hidden,32
10,0.6786856708526612,hidden_dim_expert,8
10,0.6786856708526612,anneal_epochs,30
10,0.6786856708526612,schedule_type,linear
10,0.6786856708526612,learning_rate,0.001
10,0.6786856708526612,lradj,cosine
