best_trial_id,best_value,param_name,param_value
89,0.688765281677246,alpha,0.32407151510173404
89,0.688765281677246,beta,0.8922618314913981
89,0.688765281677246,max_depth,1
89,0.688765281677246,use_gating_mlp,1
89,0.688765281677246,gating_mlp_hidden,32
89,0.688765281677246,hidden_dim_expert,16
89,0.688765281677246,anneal_epochs,20
89,0.688765281677246,schedule_type,linear
89,0.688765281677246,learning_rate,0.003
89,0.688765281677246,lradj,type1
