best_trial_id,best_value,param_name,param_value
241,0.6819737758636475,alpha,0.13213626626696437
241,0.6819737758636475,beta,0.9530462903601734
241,0.6819737758636475,max_depth,1
241,0.6819737758636475,use_gating_mlp,1
241,0.6819737758636475,gating_mlp_hidden,8
241,0.6819737758636475,hidden_dim_expert,16
241,0.6819737758636475,anneal_epochs,30
241,0.6819737758636475,schedule_type,linear
241,0.6819737758636475,learning_rate,0.003
241,0.6819737758636475,lradj,type2
