best_trial_id,best_value,param_name,param_value
143,0.6862092437744141,alpha,0.1924101115208729
143,0.6862092437744141,beta,0.6092813025003321
143,0.6862092437744141,max_depth,1
143,0.6862092437744141,use_gating_mlp,0
143,0.6862092437744141,hidden_dim_expert,16
143,0.6862092437744141,anneal_epochs,20
143,0.6862092437744141,schedule_type,linear
143,0.6862092437744141,learning_rate,0.003
143,0.6862092437744141,lradj,type1
