best_trial_id,best_value,param_name,param_value
127,0.6797485790252685,alpha,0.397667826919941
127,0.6797485790252685,beta,0.11280424651831321
127,0.6797485790252685,max_depth,1
127,0.6797485790252685,use_gating_mlp,0
127,0.6797485790252685,hidden_dim_expert,8
127,0.6797485790252685,anneal_epochs,20
127,0.6797485790252685,schedule_type,linear
127,0.6797485790252685,learning_rate,0.001
127,0.6797485790252685,lradj,type1
