best_trial_id,best_value,param_name,param_value
81,0.6904536991119384,alpha,1.1113929380637189
81,0.6904536991119384,beta,0.3714026505097499
81,0.6904536991119384,max_depth,4
81,0.6904536991119384,use_gating_mlp,1
81,0.6904536991119384,gating_mlp_hidden,32
81,0.6904536991119384,hidden_dim_expert,8
81,0.6904536991119384,anneal_epochs,10
81,0.6904536991119384,schedule_type,linear
81,0.6904536991119384,learning_rate,0.003
81,0.6904536991119384,lradj,type1
