best_trial_id,best_value,param_name,param_value
134,0.679092544555664,alpha,0.6479353706070332
134,0.679092544555664,beta,0.1337876806768556
134,0.679092544555664,max_depth,1
134,0.679092544555664,use_gating_mlp,0
134,0.679092544555664,hidden_dim_expert,32
134,0.679092544555664,anneal_epochs,10
134,0.679092544555664,schedule_type,linear
134,0.679092544555664,learning_rate,0.003
134,0.679092544555664,lradj,type2
