best_trial_id,best_value,param_name,param_value
83,0.6682113628387452,alpha,0.3302208363198128
83,0.6682113628387452,beta,0.1907433014660887
83,0.6682113628387452,max_depth,1
83,0.6682113628387452,use_gating_mlp,1
83,0.6682113628387452,gating_mlp_hidden,32
83,0.6682113628387452,hidden_dim_expert,32
83,0.6682113628387452,anneal_epochs,30
83,0.6682113628387452,schedule_type,linear
83,0.6682113628387452,learning_rate,0.0003
83,0.6682113628387452,lradj,type2
