best_trial_id,best_value,param_name,param_value
27,0.6700447044372558,alpha,0.9377823371900315
27,0.6700447044372558,beta,0.16564276580605913
27,0.6700447044372558,max_depth,3
27,0.6700447044372558,use_gating_mlp,1
27,0.6700447044372558,gating_mlp_hidden,16
27,0.6700447044372558,hidden_dim_expert,8
27,0.6700447044372558,anneal_epochs,20
27,0.6700447044372558,schedule_type,linear
27,0.6700447044372558,learning_rate,0.0001
27,0.6700447044372558,lradj,type1
