best_trial_id,best_value,param_name,param_value
0,0.6768692932128906,alpha,0.4793517441865507
0,0.6768692932128906,beta,0.10397776764986093
0,0.6768692932128906,max_depth,5
0,0.6768692932128906,use_gating_mlp,1
0,0.6768692932128906,gating_mlp_hidden,32
0,0.6768692932128906,hidden_dim_expert,32
0,0.6768692932128906,anneal_epochs,30
0,0.6768692932128906,schedule_type,linear
0,0.6768692932128906,learning_rate,0.0001
0,0.6768692932128906,lradj,type2
